Place,image
Saras Baugh,saras_baugh.jpg
Western Ghats,western_ghat.jpg
Malshej Ghats,malshej_ghat.jpg
Pune Okayama Friendship Garden,okayama_garden.jpg
Pawna Lake,pawna_lake.jpg
Mulshi Dam,mulshi-dam.jpg
Lonavala Lake,lonavala_lake.jpg
Gram Sanskruti Udyan Village Park,gram_sanskruti_udyan.jpg
Khadakwasla Dam,khadakwasla_dam.jpg
Osho Teerth Park,osho_teerth_park.jpg
Taljai Hill,taljai_hill.jpg
Rajiv Gandhi Zoological Park,rajiv_gandhi_zoological_park.jpg
Bhimashankar Wildlife Sanctuary,bhimashankar.jpg
Vetal Hill,vetal_hill.jpg
Devkund Waterfall,devkund_waterfall.jpg
Kasarsai Dam,kasarsai_dam.jpg
Koregaon Park,koregaon-park.jpg
Kamla Nehru Park,kamala-nehru-park.jpg
SkyHigh Playtorium,skyhigh_playtourim.jpg
Madhe Ghat,madhe_ghat.jpg
Dive Ghat Valley,dive_ghat_valley.jpg
Khandi Waterfalls,khandi_waterfalls.jpg
Pashan Lake,pashan_lake.jpg
Pavna River,pavana_river.jpg
Peshwe Udyan Zoo,peshwa_udyan_zoo.jpg
Bhatghar Dam,bhatghar_dam.jpg
Seven Wonders Dream Park,seven_wonders_dream_park.jpg
Empress Gardens,empress_garden.jpg
Mughal Garden,mughal_garden.jpg
Dighi Hills,dighi_hills.jpg
Junnar Caves,junnar_caves.jpg
Phoenix Market City,pheonix_marketcity.jpg
Amanora Mall,amanora_mall.jpg
Seasons Mall,seasons_mall.jpg
CityZest,cityzest.jpg
Tulsi Baug Shopping Market,tulshibaug.jpg
Sgs Mall,sgs_mall.jpg
The Pavillion,the_pavillion.jpg
Kumar Pacific Mall,kumar_pacific_mall.jpg
Inorbit,inorbit_mall.jpg
The Bombay Store Pune,bombay_store_pune.jpg
Raw Adventure Solutions,raw_adventure_solutions.jpg
Pratha - The Jewellery Studio,pratha_the_jewellery_studio.jpg
Phule Market,phule_market.jpg
Studio Coppre,studio_copper.jpg
Nitesh HUB - Shopping mall in Pune,nitesh_hub.jpg
Ishanya Mall,ishanya_mall.jpg
Studio Kaleido,studio_kaleido.jpg
Inorbit Mall,inorbit_mall.jpg
RANJNA,Ranjna.jpg
Karagiri,karagiri.jpg
Jewel Square Mall,jewel_square_mall.jpg
Hong Kong Lane,jewel_square_mall.jpg
Royale Heritage Mall,royale_heritage_mall.jpg
Art2Day Gallery,art2D_gallery.jpg
S Mall,s_mall.jpg
Rightwood,rightwood.jpg
Deep cloth stores,clover_center.jpg
Clover Center,clover_center.jpg
Anandi Shopping Centre,clover_center.jpg
Lifestyle Mall,lifestyle_mall.jpg
Pimpalgaon Joga Dam,pimpalgoan_joga_dam.jpg
Temghar Dam,temghar_dam.jpg
Varasgaon Dam,varasgaon_dam.jpg
Bhama Askhed Dam,bhama_askhed_dam.jpg
Yedgaon Dam,yedagoan_dam.jpg
Manikdoh Dam,manikodh_dam.jpg
Thokarwadi Dam,thokarwadi-dam.jpg
Andra Valley Dam,andra_valley_dam.jpg
National Defence Academy,National_Defence_ Academy.jpg
Dagadusheth Halwai Ganapati Temple,ganpati-temple.jpeg
Rajgad Fort,rajgad_fort.jpg
ISKCON NVCC Temple,iskcon_nvcc_temple.jpg
Ranjangaon Ganpati Temple,ranjangaon_temple.jpg
Narayani Dham Temple,narayani-dham-temple.jpg
Katraj Jain Temple,katraj-jain-temple.jpg
Sri Balaji Mandir,Shri_Balaji_Temple.jpg
Sarasbaug Ganpati Temple,SarasbaugGanpatiMandir.jpg
Chaturshrungi Temple,chatushrungi_temple.jpg
Bhuleshwar Temple,bhuleshwar_temple.jpg
Sinhagad Fort,Sinhagarh_Fort.jpg
University of Pune,University_of_Pune.jpg
Parvati Temple,parvati-temple.jpg
Pataleshwar Cave Temple,Pataleshwar_cave_temple.jpg
Laxmi Road,laxmi_road.jpg
Shri Satya Sai Pandurang Kshetra,shri-satya-sai-pandurang.jpg
Torna Fort,torna_fort.jpg
Shree Chintamani Temple,shri_chinatmani_temple.jpg
Aga Khan Palace,aga_khan_palace.jpg
Kirkee War Cemetery,"Kirkee_War_Cemetery,_Pune.jpg"
BAPS Shri Swaminarayan Mandir,BAPS_mandir.jpg
Visapur Fort,visapur-fort.jpg
Saras Baug,saras_baugh.jpg
Baneshwar Temple,Baneshwar_temple.jpg
Shaniwar Wada,shaniwar-wada-pune.jpg
Neelkantheshwar,neelkantehwar.jpg
Morgaon Mayureshwar Temple,morgaon-mayureshwar-temple.jpg
Sant Dnyaneshwar's Samadhi Mandir,sant-dnyaneshwar-samadhi.jpg
Jangali Maharaj Temple,jangali-maharaj-temple.jpg
Ramdara Mandir,ramdara-temple.jpg
Moreshwer Ganesh Mandir Temple,moreshwar_ganesh_mandir.jpg
Shri Wagheshwar Temple,shri_wagheshwar_temple.jpg
Ghoradeshwar Temple,ghordeshwar_temple.jpg
Lord Ayyappa Temple,lord_ayyapa_temple.jpg
Shree Moreshwar Temple,shree-moreshwar-temple.jpg
Shree Krishna Mandir,shree-krishna-temple.jpg
Trishundha Ganpati Temple,trishundha_ganpati.jpg
Shri Mahalaxmi Mandir,shree-mahalaxmi-mandir.jpg
Ganesha Temple,ganesh-mandir.jpg
"Saint Tukaram Gatha Mandir, Dehu Gaon, Pune",saint-tukaram-gatha-mandir.jpg
Kasba Peth Ganpati Temple,kasbapeth-ganpati.jpg
Dashbhuja Ganpati Temple,dashbhuja-ganpati-temple.jpg
Gatha Temple,gatha-temple.jpg
Gupt Bhimashankar,gupt-bhimashankar.jpg
Pune Central Mall,central_mall.jpg
Gcorp Pulse Mall,gcorp_pulse_mall.jpg
Westend Mall,WestendMall.jpg
Spot 18 Mall,spot-18-mall.jpg
Krome Mall,krome_mall.jpg
Nucleus Mall,Nucleus_Mall.jpg
Aditya Shagun Mall,aditya_shagun_mall.jpg
Kakade Mall,kakade-mall.jpg
Mayureshwar Wildlife Sanctuary,mayur-baug.jpg
Baner Hill,baner_hill.jpg
The Hidden Oasis,hidden_oasis.jpg
Talajai Hill,taljai_hill.jpg
Dr Salim Ali Bird Sanctuary,salimali_wildlife.jpg
Sahyadri Wildlife Sanctuary,sahyadri_wildlife.jpg
Shantivan,shantivan.jpg
Kavadi Pat,kavadi-pat.jpg
Mayur Baug,mayur-baug.jpg
Chittaranjan Vatika Garden,chittaranjan-vatika-garden.jpg
Pandit Bhimsen Joshi Udyan,pandit-bhimsen-joshi-udyan.jpg
Saras Garden,saras_garden.jpg
Sambhaji Park,Sambhaji_Garden.jpg
Bund Garden,bund_garden.jpg
Victoria Gardens (Jijamata Udyan),victoria_garden.jpg
Darshan Museum,darshan_museum.jpg
Raja Dinkar Kelkar Museum,raja-dinkar-kelkar-museum.jpg
National War Museum,national_war_museum.jpg
Joshi's Museum of Miniature Railways,joshi_museum.jpg
Pune Tribal Museum,tribal-museum.jpg
Blades of Glory Cricket Museum,cricket_museum
Mahatma Phule Museum,mahatma-phule-museum.jpg
Vikram Pendse Cycles,vikram-pendse-cycles.jpg
Fire Brigade Museum,Fire_brigade_museum.jpeg
Amazeum Children's Museum,amazeum_mueum.jpg
Shivaji Maharaj Museum of Indian History,shivaji_maharaj_museum.jpg
Tilting Art Gallery,tiltin_art_gallery.jpg
Ray Art Gallery,Ray_art_gallery.jpg
Joggers Park,jogger_park.jpg
Pu La Deshpande Garden,pu-la-deshpande-garden.jpg
Katraj Lake,katraj-lake.jpg
Jambhulwadi Lake,jambhulwadi-lake.jpg
Hanuman Lake,Hanuman-Lake.jpg
Krishna River,krishna-river.jpg
Mula Mutha River,mula_river.jpg
Skyjumper Trampoline Park - Pune,skyjumper_trampolin_park.jpg
Meher Retreat,meher-retreat.jpeg
Sentosa Water Park,santosh_waterpark.jpg
Junglehood,junglehood.jpg
Manas Holiday Resorts,Manas-Resort.jpg
Rajgad Waterpark,rajgad_waterpark.jpg
Krushnai Water World,krushnai_water_world.jpg
Appu Ghar Amusement Park,appu-ghar-amusment-pune.jpg
Krushnai Water Park,krushnai-water-park-pune.jpg
"Diamond Parks - Water, Adventure & Camping",diamond_water-parks.jpg
